url,text,status
https://pornhub.com,spicevids uviu sexual wellness insights sites shop trust safety home porn videos categories live cams pornstars neuken community photos gifs viewing pornhub english overschakelen naar dutch pornhubs core collection merch staple wardrobe buy hot netherlands oktoberfest mdemma wrestling brianna beach lesbian orgasm nude plumber fart italian macy meadows programmers wife mutual masturbation neighbour cumshot watching cream baby bust huge,bahaya
https://xvideos.com,welcome xvideoscom please select preferred version usa india pakistan bangladesh saudi arabia netherlands another country language straight best videos categories channels pornstars redaksi live cams games dating profiles ioop little step sisters friend wants try sex leana lovings perfect girlfriend alex adams min views told big cocks gattoa aak iaaop wife playing pussy cums times wakes husband sucking dick cumshot couple cute yea,bahaya
https://xhamster.com,nl sign free videos live sex categories pornstars creators channels photos paid back school sale join fap house subscriptions watch history newest best top dutch porn hd amateur anal trend netherlands oii sunny day super wet pussy needs cum small titties fast fingering pov wow marie iak views roxykiss dick deep inside pussy feel bagus cums oomtjedde chubby fucked beach fantasies iam horny slut seduces roommate make,bahaya
https://redtube.com,choice use similar technologies necessary run websites essential small amount generated saved web browser analyze store information characteristics device well certain personal analytics allow performance offer optimized services functionality help personalize enhance online experience websites targeting advertising enable serve might interest clicking accept,bahaya
https://xnxx.com,welcome xnxxcom please select preferred version usa india pakistan bangladesh saudi arabia netherlands another country language content straight free porn movies sex search best hits tags pictures live cams stories forum pornstars games dating gold top history todays selection suggestions preview family stepmom son keras mature women milf old young compilation big tits petite orgasm real amateur casting gangbang sexy girls stepdaughter ass dick anal dutch videos ioeee total,bahaya
https://myfreecams.com,ginny potter hide username password currently guest homepagetourcreate free account acai berry send taco money aprilxxo oh tiffany elizabeth_pi rockn rose stacy_xe lena danzara loves desire skylar says enncandy lexa luv jess whitmore devereuxquinn starpowerrr janesworldxo autumn jewel sherry_li korra midnightrose awesome ely ibarbie dashy dark_lady_ dani spice heidi klumsy lainx molly snacks southernms sinner_angel emily ember honey iam home midnight bunny lindsay dee quinnie smile fiona,bahaya
https://youjizz.com,account popular new top trend random tags pornstars livesex meetfuck porngames hd lanjut cant resist stepsis big juicy ass mila monet brazzersexxtraeoiielanawolfpussypounder iek balls deep creampie makes brain melt daughter gives stepdad special tlc american cumshot sister wants cock mom near seii teen mature step son fuck vacation ieee joi italiano professoressa porca ti insegna come segarti incita sborrarle sulle tette henti bull,bahaya
https://youporn.com,choice use similar technologies necessary run websites essential small amount generated saved web browser analyze store information characteristics device well certain personal analytics allow performance offer optimized services functionality help personalize enhance online experience websites targeting advertising enable serve might interest clicking accept,bahaya
https://tube8.com,choice use similar technologies necessary run websites essential small amount generated saved web browser analyze store information characteristics device well certain personal analytics allow performance offer optimized services functionality help personalize enhance online experience websites targeting advertising enable serve might interest clicking accept,bahaya
https://cam4.com,warning sexually explicit adult material agree terms entering site website provides material information opinion links images videos collectively sexually material enter site years age majority every jurisdiction may view whichever higher age majority offended legal community choose affirming oath subject penalties perjury title applicable laws following statem,bahaya
https://playboy.com,join new era bunnies discover shop men women world playboy bunny month get know katy jo sayang hello hop app fold meet amanda sumimoto yamiessence cheryl xiao tati panakal connect playmates play plby group support help customer service faqs contact terms use privacy policy california settings accessibility playboycominc benar reserved models appearing website years older click records required pursuant record,bahaya
https://spankwire.com,choice use similar technologies necessary run websites essential small amount generated saved web browser analyze store information characteristics device well certain personal analytics allow performance offer optimized services functionality help personalize enhance online experience websites targeting advertising enable serve might interest clicking accept,bahaya
https://xtube.com,xtubecom nomor longer available please continue enjoying adult content following sites gay free content pornhub porn premium mencom straight want modelling consider joining model program,bahaya
https://brazzers.com,member area join worlds leading premium adult entertainment brand offering paling exclusive hd videos web pornstars starring ioooo scenes youll big tits hot asses anal could ever dream enter brazzers disagree exit website contains agerestricted materials age years majority location accessing authorization permission years entering hereby agree comply terms conditions also acknowledge,bahaya
https://beeg.com,asian girl syndicete doggy anal porn family hookups mylf kakak perempuan anny walker teen fidelity cumshot mom nubile films kitty aria big tits like dicks throat fucking teens love sextreme facial massage girls old pervy liya silver lexi lore fit layla ray sex art blake blossom creampie angels diana daniels private classics lust cinema landing strip sonya blaze first bgg world sexy exploited free use milf orgasm abuse little betsy lika star beauty mira lime bangers wicked nicole dos,bahaya
https://yourlust.com,porn tube videos home latest updates top rated paling viewed categories models channels community live sex mobile lusts best movies hottest site find free videos quality xxx free hot watched right young man lusts big years ago eiao views kinky dude pleases gorgeous iieio teacher fucks arab mor iaaoa barely legal double ds flexible teen squirts iea months keras halloween gangban ieiea perverted stepsis got fuck ioi milf futanari fucked,bahaya
https://clips4sale.com,warning clicking enter certify years age older legal view adult content country understand agree site agreement terms service privacy policy dont statement leave least iyears old reached majority live read agreement standard agreement enter leave browse categories recently added clips arrived check hot new smoker lady reward masturbating face sitting custom video sylvia chrystall ioop reality porn,bahaya
https://keezmovies.com,choice use similar technologies necessary run websites essential small amount generated saved web browser analyze store information characteristics device well certain personal analytics allow performance offer optimized services functionality help personalize enhance online experience websites targeting advertising enable serve might interest clicking accept,bahaya
https://drtuber.com,live sex straight gays transsexual sign dari tuber menu premium upload amateur anal asian ass bbw bdsm babe big cock tits blonde blowjob brunette cumshot fetish first time gangbang group hd keras hentai interracial latin lesbian milf massage masturbation mature nylon outdoor pov pornstar reality redhead teen threesome toy vintage voyeur virtual webcams newest longest rating comments new xxx videos iia jasmine black gets licked fucked paul oii hot hard aooa camila secr,bahaya
https://hardsextube.com,private attackers might trying steal information hardsextubecom example passwords messages credit cards learn neterr_cert_common_name_invalid get chromes highest level security turn enhanced protection back safety advanced,bahaya
https://extremetube.com,choice use similar technologies necessary run websites essential small amount generated saved web browser analyze store information characteristics device well certain personal analytics allow performance offer optimized services functionality help personalize enhance online experience websites targeting advertising enable serve might interest clicking accept,bahaya
https://slutload.com,tagsprivate showssoda vidsmy mediatop vids sign injoin free model signup filters gender female male couple trans private show price toksmin ethnicity porn videos alert todays featured shows andreaacortes iioo private message view tags new shows voyeur soda star versus top pvt rated camcam live ticket lovense women pornstar special offer get eoo tokens bbygirlzoe bday monthpvt open nopretip britney amberr long cock last throat goal facecum shot ig,bahaya
https://livejasmin.com,live jasmin contains adult content using website acknowledge respect privacy use similar technologies including thirdparty improve experience personalize content analyze traffic user activity promotion purposes learn please read policy accept manage reject cams new models promotions club elite top awards get credits join free girls recommended boys category exclusive certified girl hot flirt soul mate,bahaya
https://freeones.com,premium discounts video demand cams sex toys dutch free ones adik ultimate babe site since add ones live stars katherine barker lizy taylor eva sex queen latest porn videos premium eei hot russian brunette babe angelina fucks first date views blonde britney amber licks sweet ass husband top ranked babes melena rya aek followers willow ryder katrina colt photo galleries galleries slutty latina jenaveve jolie sucks like crazy busty,bahaya
https://tubegalore.com,english home categories pornstars popular videos new top rated network paling iem public compilation iim amateur wife oim extreme im eiam homemade iom mom hentai tube galore adults website enter website contains explicit material pornography accessed least years old legal age view local jurisdiction whichever greater furthermore represent warrant allow minor site services parents please advis,bahaya
https://fakku.net,fakku temporarily maintenance hopefully well back soon wait visit discord chat users staff members may seeing message using vpn fakku masalah persists please try turned frequently issues various providers accessing website cloudflare_error_oos_box cloudflare_error_iooos_box,bahaya
https://porntube.com,porn tube network tubeatube porner bros fux home videos categories channels pornstars playlists bang live sex straight insign paling viewed today hdo ioek digital playground kenna james cock pit fun anal banging hdo babes xander corvus sexy gabbie carter banged balls deep hdio tushykelly collins tushy stunning model kelly collins exclusive dp debut hdia iek mylf lexi luna perfect assed milf teacher rewards bagus student hdiooo analized amateur gf lingerie assdrilled h,bahaya
https://fetlife.com,skip main content already member join fet life paling popular social network bdsm fetish kinky community fetlife free ioiaii members beautifully diverse community world pictures videos explore learn discover new things every day iio upcoming events local munches classes play parties bdsm fetlifes mission help everyone feel comfortable sexually jesse flanagan fetlife nomor matter sexual journey something yo,bahaya
https://furaffinity.net,browse upload support create account recent submissions writing poetry mango always hungry bowser page best ending bear htf fathoms chapter pharaoh prince masterofwolves dragons ratler orientation fatgriffinlover bite apple mythic fox bloodbellflower bellflower bunny story jpdaoust slayer sphinx eleven thisadamguy solitude nefermose shine eyes gran dragon nightmare coach renard_de fleureax rva exchange student sirtalen foxington fat pt preview collin rat,bahaya
https://4tube.com,sign straight home videos categories channels pornstars playlists banglive sex porn deals paling viewed today hd sexy sunny day ste vince karter tushy stunning model kelly col lexi luna naughty perfect assed milf tea cherie deville horny step family summer vacat richard mann iaa blacked thirsty baddie gizelle leya falcon dreamy kinky pussies recent free see keiran lee cater juicy pussy sahara knite ioi housemat scarlit scandal ill shes jordi,bahaya
https://edenfantasys.com,eden fantasys newsletter subscription form subscribe edens explore new intimacy sex shop women men couples main vibrators dildos anal lubes sale informasi search term contact cart huge sale sitewide extra orders code take free shipping get gifts orgasmic deals rabbits blowout go luxury save sexy bundles savings tongues suckers auto masturbators machines clearance lingerie beginners fetish play limited supplies experiment vibrating pleasure,bahaya
https://adam4adam.com,live cams sex shop movies undies username password remember forgot password browse chat meet desired email address confirm get started connect facebook google apple members online signing agree terms conditions testify years older desktop mobiletablet scroll use adamaadam smartphone free filters age ethnicity body type height browse unlimited profiles different grids find whos near new visiting weve also got,bahaya
https://adameve.com,ship netherlands call ooiiaaii order status shipping returns need help search go account wishlist cart women men couples vibrators bondage lingerie lubes bath body sale shop discount applied regular priced hitam standard shipping exclusions ages older privacy valued information never shared sold exclusions policy clicking accept agree storing device enhance site navigation analyze usage marketing effor,bahaya
https://adultfriendfinder.com,world's largest erotic community forgot password sign kamu magazine live chat contact sign fun tonight man woman couple man woman group women men trans looking men women couples date birth month January February March April May June July August September October November December day year ooa ooe ooi ooo,bahaya
https://naughtyamerica.com,become member watch hottest pornstars hd porn videos website contains sexually explicit material least years age legal right possess adult material community accessing materials reside permit persons otherwise legally permitted contained website acknowledge voluntarily requesting choosing receive described personal use information andor education nomor way sent withou,bahaya
https://literotica.com,welcome years old enter site wish view adult content exit adults literotica free source hottest erotic fiction fantasy literotica features original sex stories variety authors accepts quality story submissions amateur authors holds contests contributors offer huge selection fantasies choose always lookout new exciting ideas encourage contact comments suggestions belum make site mor,bahaya
https://gaytube.com,gay premium sexual wellness insights sites shop trust safety straight porn videos categories live cams pornstars fuck community photos gifs take pleasure lanjut level pornhub main available play production professional homemade duration minutes oiooeoao amateur asian bareback bear big dick black blowjob cartoon eie casting chubby closed captions college compilation creampie cumshot daddy euro feet iea fetish ieeo group handjob iie hd h,bahaya
https://bangbros.com,join bang bros home new videos top girls websites categories simon kitty alicia trece sep clean dirty maid sona bella jay bangher social experiment bus callie brooks brickzilla big booty yoga pov virgo peridot gem jewels wetter booty better sex ass parade lena coxx freddy gong coxx monsters cock lily lou lou needs bahagia ending tits round asses kourtney love emilio ardana kourtneys public addis fouche tropical sexy dream girl brown bunnies lambat berfikir,bahaya
https://motherless.com,sign videos images categories shouts cams groups galleries community girls chat store upload random video image trend top rated tags straight amateur anal asian atm bbc bbw bdsm big ass cock tits bisexual bizarre blonde blowjob brunette bukkake cartoon cfnm choking clothed cosplay cream pie crossdresser cuckold cumshot dp drunk ebony euro facial feet femdom fetish fisting flashing funny gagging gangbang gaping gay german girlfriend glory hole gothic group hairy handjobs heels hentai hom,bahaya
https://nudevista.com,gay tranny bizarre video filter length date tubes pictures models directory advanced search live sex eaai tube videos oia picture galleries adult models iae naughty iyearold cheerleader huge boobs seduces coach hot schoolgirl session videosection cheerleader coed big tits today charlie forde got part upornia dp small anal sex ass ebony doll shows religious guy benefits hard smashing nyna stax collectionofbestporn interracial booty amateur lesbian nymphos g,bahaya
https://efukt.com,video pics series live webcams free porn best inhumanity intergalactic virgin finally sex support views oie virgins worst fanz vii even fact fetishes exist creaturas banking yearly salary swimming arbys dumpster minutes jungle jack frogdick mississippi belum beat material week might end times intermission long time ago oie evolution strip clubs heres another horrifying example simp cult,bahaya
https://alphaporno.com,porn network pornx babe bravo hell moms pornplus porno mobile live sex home videos tags pornstars categories cams games mom xxx big tube best free alpha watch high quality daily updates archive tens thousands movies keeps fresh fullystocked sexual desires users might sign account add favorites list leave comments let world know thought bagus scene visit long find favorite fuck sluts see skillful blowjobs hear passionate moan,bahaya
https://planetsuzy.org,free porn adult videos forum user name remember password best sites live sex register frequently asked questions todays posts search notices currently viewing guest gives limited joining gain full thousands videos pictures much membership absolutely registration fast simple please today join friendliest communities net last post threads general section introductions discussions sayang hello tell dont,bahaya
https://ashemaletube.com,help deliver services using services agree use cookieslearn porn tube gay fetish trans harder premium upload get verified register tranny xml sitemap takedown rss videos impressum advertise webmasters contact support models terms conditions report bug abuse become model galleries dmca program tos stories privacy policy mobile version copyright shemaletubecom rendered personal computer aaae shemale tubecom adultsonly website strictl,bahaya
https://pornmd.com,age verification website contains age appropriate content including nudity explicit depictions sexual activity visiting kamu confirms least age reached legal age majority jurisdiction visiting also consents viewing content older enter exit would like emphasize rated rtalabel parents option easily block site information ver,bahaya
https://brazzersnetwork.com,member area join worlds leading premium adult entertainment brand offering paling exclusive hd videos web iaoo pornstars starring ooo plus movies youll big tits hot asses anal could ever dream enter brazzers disagree exit website contains agerestricted materials age years majority location accessing authorization permission years entering hereby agree comply terms conditions also acknowle,bahaya
https://empflix.com,signup english home categories pornstars live sex amateur anal arab porn ioeie asian ass iiei babes bbw big boobs cock aoi bizarre iia blonde blowjobs oao brunette ai cartoon celebrity classic club chix creampie aie cumshots di double penetration ebony aa euro extreme facial cum shots fat fetish iaae fisting iioie flashing eiae foot funny gang bang gaybimale aoi german gothic girls granny group iae hairy keras hentai iio made ieo indian insertions iaei inte,bahaya
https://tnaflix.com,tits ass upload signup home videos photos categories channels pornstars tags members live sex amateur eooa anal ioe arabian iio asians babes ioiei bbw bdsm bizarre aii blonde ioia blowjobs oral brunette iioe bukkake aie cartoon celebrity classic creampie cumshots ioio czech compilations iioe di double penetration iai ebony euro porn facial cum shots fat girls fetish fisting ieo foot french gang bang ae gay bimale german granny iiioo group aia hairy,bahaya
https://ftvgirls.com,website uses ensure get best experience website learn understand follow twitter instagram like facebook frequently updated weekly newsletter become ftvgirl interested modeling head ftvmodelingcom information straight model application models older recordkeeping requirements compliance statement clicking enter site affirm read agreed terms conditions oooe ftv inc benar reserved members area epoch billin,bahaya
https://pornbb.org,search pornstars genres contact register time thu sep times gmt forum topics posts last post site related announcements rules announcements rules reads general last update night breeze jan private message adult movies xxx shared naughty schoolgirls palmer wed ioii videos share short clips arent long enough movies eieiaa sharon white zlata shine coll tayee movie mega threads collections section latest fres,bahaya
https://manhub.com,gay porn videos manhubcom free tube xxx movies visit xvideoscom xvideos best world uncensored hd fucking hot teman-teman sucking cocks eating cum ooooooo short full length movie clips sexy stars fucking big dicks man sausage plowed ass swingers partner swapping ass mouth well double penetration black dicks android app xnxxcom estooi hottest belum find online men horny dudes getting fucked hard random strangers enjoy,bahaya
https://fantasti.cc,search live cams premium porn tik tok fuck porngame pornstars asian help deliver services using website agree use learn categories recently updated knees doggystyle share wife big tits extreme deepthroat iek brunette milf solo nuru massage monster iaik babe threesome fighting eae street undressing aa busty tongue missionary bubble butt lesbian bdsm ball licking hardbodied boss iaa reverse cowgirl casting f,bahaya
https://fapdu.com,spicevids uviu sexual wellness insights sites shop trust safety home porn videos categories live cams pornstars neuken community photos gifs viewing pornhub english overschakelen naar dutch digital playground presents casey calvert cheats future husband free full scene hot netherlands oktoberfest mdemma wrestling brianna beach lesbian orgasm nude plumber fart italian macy meadows morgpie iom goth girl wants oil cum ass mofos im sexy evelin stone gets,bahaya
https://fuq.com,cherie devilleak cj milesiik cory chaseek jessa rhodesok jodi westek johnny sins jordi el nino polla julia annek payton presleeek penny barberiik peta jensenak violet myersik xev bellringer pornstars place best porn videos fan shops shop eu international shipping advertisers buy traffic get listed recordkeeping requirements compliance statement models years age older time depiction fuqcom zerotolerance policy illegal pornography parents,bahaya
https://x-art.com,try securely crypto members contact support home updates videos models colettes choice join paling recent popular group sex daylight dream images aio lexi dona young loves morning video aio xart natural beauties sweetheart kate quinn thinking lady dee sweet girl hot bj aio nancy ace cum true ioio meets eye iio marilyn sugar memorial day anie darling year old fashion xart television bestie leanne ricky,bahaya
https://perfectgirls.net,use optimize site functionality give best possible experience learn new popular trend models channels tags live cams fuck xxx videos ieea aa aa ieoo ioi iio iooi iie ioi iooo ai ae advertising emma netherlands flirty hub sofia lanjut friends porn hat full videos simple fast hd free hello hd tube max channels pornstarstube models homo gay sex recently active pornstars aidra fox jessy jones lex,bahaya
https://nubiles.net,videos photos models feed tags cams upcoming keras get sign back school sale watching iv_bigred previous lanjut autorotate slideshow show video slides di ke dan kamu ya whats hot recent nubilesnet sort join mia grandy sep ellie eastleigh stella bliss emily chloe lace cheers bouncing betty hello siri aug princess lili jess james munafik lah fou bella heathcote selva lapiedra mishel dark victorija become member want cute brunette spread toy time cutie pie wet wai,bahaya
https://xxxbunker.com,trend porn videos duration long orientation straight peneloppe ferre threesome min pound hard cream hairy muff morning woke blowjob stepmom luxurymur adorable tight african teen tricked casting iii mothers wishes cute terang fairy fucked ass closeup favorite granny sweet loving bbc anal amateur best cumshot compilation horny motel gilf jada stevens fuckin around fort lauderdale puta locura priest damian punishment creampie aa brother decided,bahaya
https://jizzhut.com,private attackers might trying steal information jizzhutcom example passwords messages credit cards learn neterr_cert_common_name_invalid get chromes highest level security turn enhanced protection back safety advanced,bahaya
https://twistys.com,join twistys latest videos view ember snow avery jane sep yoni instructor kylie page hailey rose tasting game totm feeling heat ivy wolfe jennie aug naughty movie night clea gaultier sticky scissoring recently active models snow page wolfe top rated malena morgan mar oie malenas got moves morgan eufrat mai dec oii hot masseuse mia malkova logan pierce iiik treat fan madison oct oia threeway way showers make horny categories lesbian teens big ass natual tits pali,bahaya
https://men.com,sign enter mencom disagree exit website contains agerestricted materials age years majority location accessing authorization permission years entering website hereby agree comply terms conditions also acknowledge offended nudity explicit depictions sexual activity clicking enter button certify penalty perjury adult ready watch get started support privacy policy conditions affili,bahaya
https://met-art.com,live girls get startedsign updatesfilmsphotosmodelsblog starring erika luchini view free gallery photography films models betzz september chanel fenn amy moloko bellaria scarlett queen lana rose libby beghe evelin elle jessica blank iei foxy sofilie iii opeve iie vitalievna iie felice flamy nika aveira ae lila rouge mary rock iok lumen iok arina shy guinevere huney kitty gem genevieve gandi diana brite,bahaya
https://porn.com,straight categories pornstars porn sites games meet fuck live sex premium free trend united states stepsister ook stepmom threesome iom stepdaughter iek year old iak black im lesbian ieom milf creampie babysitter stepdad teen aeom big ass im gangbang hentai anal om stepson mom latina granny homemade young ebony asian ieam bdsm aaek tits aem pawg iik mature japanese hd anime doggy style iem bbw wet pussy huge blowjob deepthroat oik cumshot im hairy indian iak,bahaya
https://pornoxo.com,help deliver services using services agree use cookieslearn shemale porn gay tube fetish upload register hot xxx videos terms conditions privacy policy dmca takedown advertise webmasters abuse xml sitemap contact rss support report bug mobile version porno xocom rendered personal computer ioa xo adultsonly website strictly limited legal age jurisdiction whichever greater core goals parents restrict minors,bahaya
https://chaturbate.com,act masturbating chatting online status anonymous tokens get sign home discover tags private shows following broadcast featured women men couples trans tags maggielovieee ticket show sales tokens mfm threesome dp spitorasting et cetera harus ae viewers madeline_jackson goal oiled body tour longer night better uwuxo missed dp fingers ae remaining kittycaitlin ùóöùó¢ùóîùóü ùóóùó∂ùóπùó±ùóº ùóßùó∂ùó∞ùó∏ùó≤t sùóµùóºw ai jennycutey goal reached terima kasih tippers,bahaya
https://apetube.com,bagus news apa tube merged xxxcom closed proceed xxx enjoy enter advertisers buy traffic get listed recordkeeping requirements compliance statement models years age older time depiction apetubecom zerotolerance policy illegal pornography parents uses restricted adults rta website label better enable parental filtering protect children adult content block site using controls terms service privacy notice action link,bahaya
https://gonzoxxxmovies.com,bagus news gonzo xxxmovies merged fuqcom closed proceed fuq enjoy enter advertisers buy traffic get listed recordkeeping requirements compliance statement models years age older time depiction gonzoxxxmoviescom zerotolerance policy illegal pornography parents uses restricted adults rta website label better enable parental filtering protect children adult content block site using controls terms service privacy noti,bahaya
https://fleshbot.com,terang dark straight gay trans biz fleshbot awards back news press september kelli roberts read article advertisment editors picks scene reviews special features center stage jennifer mendez fucks dicks time keras buck axelrod executive decision demonstrated phoenix marie lana sharapova blows presentation boss prick alice wild fun sneaky college glory holes chanel camryn gets ass fucked sisters husband latest articles demarko john boy hollykingstown e,bahaya
https://nuvid.com,nuvidcom time porn sign videos live sex categories photos pornstars stories community premium mobile join advanced search straight ed amateur anal asian ass asslick bbw bdsm babe gays transsexual rating duration oio ioao added anytime last day week month year new porno hd newest top rated jon rogue lilly bell bj oral pov blowjob cu argentina gabriela emily austin pals cfnm oaa provocative passion hot xxx mau find japanese gangbang mindblowing fu,bahaya
https://badjojo.com,home channels keywords pornstars porn apps live sex adult dating register list best pay sites network deals cams xhamster games fuqqt game reviews kai videos voyeur uk anacams free bangers australia escorts fans search engine pornfaze tube discounts castle sitechannelskeywordspornstars relevance recent duration times past hours week month months top searches big teens japanese creampie cock pussy ass bbc rough orgasm monster latinas teen fuck threesome sister brother anal w,bahaya
https://sankakucomplex.com,stars get sankaku plus forum app hide recent posts create infinite art ai may oea comments nippon television acquires studio ghibli subsidiary mins ago add comment bocchi rock cosplay sexy petite pettanko hours agoa needy streamer overload sex animation made horny otaku ago xbox boss phil spencers thoughts ps reveal shared leaked email ago man arrested loaning money women using nude videos collateral ago kyoto arsonist victims kyo ani stealing,bahaya
https://camfuze.com,Warnings Explicit sexual material site contains content sexual nature adults may find offensive Tidak adik legislation region prohibits viewing everyone legal age looking child pornography get child pornography website contact authorities support prosecution tries exploit young innocents permission website bi,bahaya
https://cliphunter.com,home categories popular pornstars playlists live girls meet fuck hd porn extras register blog nsfw reddit best deals games cams discounts teen videos big boobs top categories recent amateur anal asian ass babe butt dick tits black blonde blowjob brunette bukkake celebrity coed compilation couples creampie cumshot cumshots european facial fantasy fetish fingering fisting german group sex hairy handjob keras hentai instructional interracial japanese large ladies latina lesbian massage,bahaya
https://kink.com,warning adults proceeding adult website agree following terms conditions certify years old older according minimum age required state country law offended sexually explicit imagery permit persons materials contained within site enter kink men disagree exit store live kinkmencom channels scenes series categories models join bobbi starr struggles get away brutally pounded big black cock,bahaya
https://eporner.com,find favorite porn video register home videos categories pornstars pics gifs community sex games hookup history newest best top rated paling viewed production ae professional eiaa homemade aio ultra hd fps eoa amateur anal aio asian iee asmr ioa bbw eei bdsm ioia big ass eee dick eaeai tits aoi bisexual iee blonde blowjob bondage brunette aa bukkake ae creampie iii cumshot ai double penetration ebony fat aio fetish fisting eei footjob eoo women eaa gay,bahaya
https://slutroulette.com,aoe error request could satisfied blocked cant connect server app website time might much traffic configuration error try later contact owner provide content customers cloud front belum find steps troubleshoot help prevent reviewing front documentation generated cloudfront cloud front rfdlznaoew ra ncy axif hvzdepagc pje edisi uvi uqo dc_xay gedw,bahaya
https://gaymaletube.com,english home categories gay pornstars popular videos new top rated network paling cum inside black ioik real public amateur latino hunk iek old young male tube adults website enter website contains explicit material pornography accessed least years legal age view local jurisdiction whichever greater furthermore represent warrant allow minor site services parents please advised parent,bahaya
https://gelbooru.com,gelbooru browse posts comments forum wiki account terms service total number visitors far ooo running beta first tried disabling ada block original concept danbooru,bahaya
https://elephanttube.com,bagus news elephanttube merged xxxcom closed proceed xxx enjoy enter advertisers buy traffic get listed recordkeeping requirements compliance statement models years age older time depiction elephanttubecom zerotolerance policy illegal pornography parents uses restricted adults rta website label better enable parental filtering protect children adult content block site using controls terms service privacy notice ac,bahaya
https://vp7.com,home advertisers publishers frequently asked questions contact previous lanjut find belum reach target audience using vp advertising publishing advertiser account ppc textbanner served network sites partner websites keyword targeting advertisements specific audience optimal click bids suggested system better serving register learn boost income web pages publisher show paling relevant site content earn revenue clicks,bahaya
https://penthouse.com,subscribe entertainmentlifestylesexpetstechtrendslegacyshop compelling uniquely skilled extraordinary penthouse pets latest sports trenton beechum rarely life meet someone captivating full joy beechum follow along youll catch drift military arizona begat perang liza kovalenko art jelly roll travel daring iceland nicole legacy interactive oldschool way camshows headsets way forefront yknow pretty women malcome forbes many w,bahaya
https://realitykings.com,videos girls sites categories join new porn view angie lynx ada lapiedra big dick double feature wmh nicole aria dwayne foxxx hotel maid services cock sx keira croft sedona reign milf catches cheating bride ml lily lou van wylde hot gamer craves freeuse anal hgg rk shorts try free lilly hall jimmy michaels film rks sisi rose jmac booty angel youngs scott nails tongued tent jordi el nino polla ballerina blonde top subsites teens game,bahaya
https://kindgirls.com,kindgirls home girls photo video today september niki pinky photos yesterday lilly bella stacy cruz gia rosse samantha cruuz kelly collins kate quinn portia oxana chic viva fleur visit archive free galleries videos welcome clean honest site beautiful nude girls hope enjoy kindgirls forget look archive galleries growing daily almost live shows jasmin amateur cams offering chats private sex home recommend cre,bahaya
https://boobpedia.com,boobpedia encyclopedia big tits boobpedia free useredited women boobs use look favourite busty models porn stars celebrities amateurs find tit movies pictures discover breasted never knew existed everything free edited users like aggregate knowledge fans huge boobs adult subject matter contains images videos nudity sexuality well sexually explicit language anyone eighteen years age please enjoy visit age wish enter,bahaya
https://imagefap.com,tn aflix network empflix wankspider movie fap signed home categories galleries videos random blogs members clubs forum upload live sex close announcements admins sep fans performers please read aug new site rule view announces may account email conformation niches ai generated porn amateur aio anal eee animated gifs anime cartoon eaooa arabian asian asses ai bbw eoeo big cocks tits iiioe bizarre iiieo black ebony blondes ae bonda,bahaya
https://anilos.com,videos photos models feed tags upcoming keras get sign back school sale di ke dan kamu ya whats hot recent aniloscom sort join lansy redaksi sep vivianne desilva mimi love aug kristy water mandy waters charlie bagus iren nathaly cherie jul ellie grace angelica heart roxy roz karina fox jenna mane jun marie mccray bella hunter lambat berfikir sweet become member eoi full lips mia looking glass go ride big breasted beauty beach babe tastes like honey anastasia oce,bahaya
https://vintage-erotica-forum.com,register forum remove popups get tons hidden content members home vintage erotica forums user name remember password best porn sites live sex frequently asked questions list calendar notices currently viewing guest gives limited joining gain full thousands videos pictures much absolutely nomor popups membership free registration fast simple please today join friendliest communities net please,bahaya
https://yuvutu.com,yuvutu advanced old register support dating timeline categories videos photos playlists blogs members forums best porn sites paling recent filter view bagus pussy fuck nanci new supporter ioe snnie ride doggy aeo cheating wife warms ooe wivesifuck ioab watch cum voyeuristic hand job yrneh reverse cowgirl zuzu eio nani intro ratchent porche esibizioniste scucugia troie da segare eats work rubs filled riding viewed using ioe gam,bahaya
https://hottystop.com,hottystop live sex free porn videos fuqqtcom games best adult webcam sites chat tubesafaricom cam girls sweetsext casual discounts discounted pornfaze movies hd cams bang bros discount chatsexxxx cheap atk exotics porndiscountscom latest hotty henti babes madison luvv spring cleaning zishy galleries second ago carolina reyes playa del amor superbe mins alice body wonderland net video aemilia blonde plump ass whatever casting couch megara steele nude oil session plug,bahaya
https://mofos.com,member join home reality porn enter mofos disagree exit website contains agerestricted materials age years majority location accessing authorization permission years entering hereby agree comply terms conditions also acknowledge offended nudity explicit depictions sexual activity clicking enter button certify penalty perjury adult best sex milf big boobs videos,bahaya
https://youngpornvideos.com,english home categories pornstars popular videos new top rated network paling iem teen eiam homemade iem public hentai iom mom perfect body iem big tits year old fuq adults website enter website contains explicit material pornography accessed least years legal age view local jurisdiction whichever greater furthermore represent warrant allow minor site services parents please advised parent,bahaya
https://pichunter.com,home categories pornstars studios live girls local dates hd porn register blog nsfw reddit best deals cam bb discounts jerkmate teen chatsex free pichuntercom nomor bullshit brunette white ass black anal petite lanjut page help contact webmasters terms privacy dmca babestation television babes tube gash fapcat sex,bahaya
https://iafd.com,home current updates services reviews resources contact covering titles iooi performers directors internet adult film database premier resource information american porn community web maintained volunteer staff editors picking late peter van aarle left comments please send iafdiafdcom additions corrections sent via submit corrections button found every performer movie page new best submitted complete,bahaya
https://freeporn.com,free porn xxx freeporncom adult sex videos tube visit xvideoscom hosting service videos amazing selection famous pornstars different niche categories filmed ioop hd ultimate pleasure million scenes fresh added daily come get best without paying dime xapp go xnxxcom porno movies world xnxx cloud user uploaded movie clips hot made swingers couples share homemade keras enjoy porn lesbian pussy licking milf moms grannies cheating wives fuc,bahaya
https://wetpussygames.com,hentai porn games best top rated action adventure arcade bdsm dress reviews walkthroughs cartoons movies extreme xxx game tweet blog itchio awesome sites horny sex sexy fuck keras adult dude flash free strip real amateur fuck people erotic hd world gamer paradise guru abella fun hai kamu stripper fetish pornstars cartoon ville orgasm list english nlt sea contact webmaster welcome wet pussy games home quality porn crazy games content completely free gamesc,bahaya
https://pornerbros.com,porner bros network porn tubeatube bros fux home videos categories channels pornstars playlists webcam straight insign paling viewed today hdo twistys tru kait totm mine babe hdo digital playground gia derza frisky lesbian pussy slurping beauties hdio tushykelly collins tushy stunning model kelly collins exclusive dp debut hdia mylf lexi luna sexy perfect assed milf teacher rewards bagus student hdii hush pass georgia peach ass worship finest fun,bahaya
https://e621.net,age agree terms service page default limited blacklist applied hiding content commonly objected may remove items using menu hitam agree loginsignup posts comments tags wiki forum mascot ratte ith planning housekeeping old masih pending aliases implications old requests look thread details click previous news serving eaaoa takedown policy process contact advertising pri,bahaya
https://femjoy.com,home photosets videos models news join ioooo photo sets sep maid pleasure anna nby ora velvet blonde laraby nutabu black lingerie kissinby paul smith enigmatic evening lillieby tom leonard elegance alice midoby aa princess olivia linzby stefan soell tights mencia francisby purple jane devisby eva moon lounge sunshineby ocean demi frayby dave menich monikas debut monika sby cosimo ksyushas ksyushaby new added weekly iie caprice trey chic,bahaya
https://dudesnude.com,home join search aebnvideos health help dudesnude free picture video profile sharing men cool dudes hot pics free view gay profiles pictures videos privacy policy terms conditions member homepages twitter facebook,bahaya
https://silverdaddies.com,language go touch version site dads younger admirers iioa profiles currently logged navigation new profile join search galleries daddies admirers chat camchat marketplace videos news history links resources contribute terms use email webmaster help welcome silver daddies meeting place mature men younger interested keeping daddy bahagia andor sexually satisfied offers possibility personal ada also features changed daily,bahaya
https://swinglifestyle.com,click sign swinglifestylecom worlds largest swinger community start meeting new people gain paling active lifestyle groups internet join free member profile name password remember forgot password create account sls iae swingers online week pictures chat room become affiliate earn everything bring forever first payment free get started affiliate banner link exchange real swingers nomor models bunniesloveli,bahaya
https://givemegay.com,porner bros network porn tubeatube bros fux home videos categories channels pornstars playlists webcam gay insign paling viewed today hdo men rocky vallarta kinky fit stud butt bashed cuck watches johnny donovan dreamy angel sits cock hung hdooi iomacho fun young latino ethan jacking hdooo damian dragon cute hunks raw breed keras aussies itcom bagus bearded hunk rimmed fucked lover iie hard anal sex sloppy blowjob hdooo yoshi kawasaki xxxyo,bahaya
https://anonib.com,private attackers might trying steal information anonibcom example passwords messages credit cards learn neterr_cert_date_invalid get chromes highest level security turn enhanced protection back safety advanced,bahaya
https://homemoviestube.com,hot fans models xxx cams amateur porn map javhd sites discounts live sex escort worth visiting homemade sharing home videos photos categories tags featured slut suck views lick cum getting stroked teen braces blowjob tiny tits iea oioo milf great curls gives fantastic ioa body bounces cock wants latest sort rating length favored innocent girl nose ring fucked hard iframe ooe bbc fucks blonde wife ooa gets pus,bahaya
https://lobstertube.com,english home categories pornstars videos network paling popular im amateur iim wife eiam homemade iem public iom mom oim extreme iem real iam young lobster tube adults website enter website contains explicit material pornography accessed least years old legal age view local jurisdiction whichever greater furthermore represent warrant allow minor site services parents please advised pare,bahaya
https://tubepleasure.com,english categories new popular hd videos milf porn stepmom ioa mom aaii teen iiea interracial ooo shemale lesbian japanese mature massage creampie aoii vintage surprise big tits eia homemade girlfriend eioa cheating wife seduced aii anal iaoe threesome eoi crossdresser eoii erotic ebony ai full movie iaa beauty aa iaio grandpa cumshot compilation hairy eoeoe doctor eie bbc cum mouth ladyboy granny iea handjob aie masturbation babe iee blowjob eeii cougar,bahaya
https://pornorama.com,pornoramacom warning site adults entering website acknowledge years old older agree terms service available enter parents read protect kids porno rama paling watched pornonew videos traffic factorybiz porno teen snow dream movies fat granny stream sex milfmovs milf magic anal ass sextasyacom cindy jizzle cumshot blackmonsterterrorcom xnxx xxx gonzo porn source fuck sc gigantits giant tits neat girl tsunami hoes,bahaya
https://89.com,private attackers might trying steal information example passwords messages credit cards learn neterr_cert_common_name_invalid get chromes highest level security turn enhanced protection back safety advanced,bahaya
https://voyeurweb.com,explicit redaksi clouds free voyeur web home clips videos fun bags archives sex wiki register upload seek quick photos ranks listings community feed sexy amateur videos user submitted erotic nudes surfers updated every day including paling sundays opened original featuring thousands neverending photo competition lots money awards month biggest network internet giving away ooo cash prizes sexiest contributions month models displayed,bahaya
https://pornpros.com,scenestop ratedgirlssitescategoriesloginjoin porn pros presents eager hands featuring eva lovia score sites price watch welcome proscom shoot update site every single day girl hand picked use best cameras join site get sites also discounts partner sites videos could ever hd top rated front window alex grey toyed facialed charity crawford shower hottie bailey brooke oily pussy massage layla london favorite main lana rhoades,bahaya
https://bangyoulater.com,agree terms continuing website contains information links images videos sexually explicit material collectively sexually material continue least years age majority every jurisdiction may view material whichever higher age majority offends iii viewing legal community choose choosing enter affirming oath penalties perjury pursuant title applicable statutes laws,bahaya
https://bravoerotica.com,porn network hd tubehd sex tubemetartnude picturesftv girlshegre–ø–æ—Ä–Ω–æ —Ç—É–±teen sexfemjoyweb cam pictures videos galleries models reviews want enjoy nude erotic pictures bravo erotica perfect place ultimate collection sexy models made true fans like bookmark working day bring paling beautiful metart mcn femjoy ftv girls archivesoiooeoaoooooioiiiieiaiiiiioieaeoeie models hottest girls pussy place metart best way meet n,bahaya
https://pornrabbit.com,sign home latest top rated paling viewed categories sites models free porn videos watched hd anal sex licking ass asshole destroyed months ago lots cam girls using plushcam lovense vibe main play link iik russian teens fucking curvy amateur redhead busty camgirl bf webcam rim first time game sexy schoolgirls shared cock cum shawnee lenee plays role horny secretary beautiful valentina nappi gets fucked johns big sma,bahaya
https://digitalplayground.com,videos movies dp world pornstars categories store member get latest digital playground view dana adik armond wedding dues episode desiree dulce aidra fox abella danger jill kassidy viral kayley gunner nicole doshi machine gunner tru kait geisha kyd space junk luna star ariana van tourist trap peta jensen aruba jasmine crowns fury part immerse worlds cinematic universe hottest talent featured actionpacked riveting provocative stories set across uni,bahaya
https://madthumbs.com,tagsprivate showssoda vidsmy mediatop vids sign injoin free model signup filters gender female male couple trans private show price toksmin ethnicity hot porno videos alert todays featured shows farmgirltx iioo private message view tags new shows voyeur soda star versus top pvt rated camcam live ticket lovense women pornstar special offer get eoo tokens tiara mace pre session fee eooo tokens tk xmin iea britney amberr long cock last throat goal f,bahaya
https://hentai-foundry.com,older enter site hentai foundry site forum note supported enabled browse,bahaya
https://orgasm.com,stephen colberts favorite tube site categories studios pornstars free hd porn sex wiki news reviews blogs tags best list view live videos sort newest longest shortest ebony princess sucks huge black cock sasha grey gags deep throat brunette fucked doggystyle keras video stacy silver ass takes cumshot chicks fuck main euro slut big boots stars solo clip orebella slutty girl masturbating iee charley chase gives handjob porno blonde emma rimmed cream,bahaya
https://hegre-art.com,private attackers might trying steal information hegreartcom example passwords messages credit cards learn neterr_cert_common_name_invalid get chromes highest level security turn enhanced protection back safety advanced,bahaya
https://boyfriendtv.com,help deliver services using services agree use cookieslearn follow twitter shemale porn fetish premium male upload get verified register gay xml sitemap takedown rss videos impressum advertise webmasters contact support models terms conditions report bug abuse become model galleries dmca program tos privacy policy mobile version copyright oio boy friend tvcom rendered ooei personal computer aaaa boyfriend television adultsonly web,bahaya
https://adult-empire.com,news bimbofication institute slaughterhouse cigarette break little sissy making money coffee party sons pickup service busty grannies gravekeeper nudist workers winter nudism naked new year browse niches find sites category ed content adult comics amateur anal anime asians eia ass babes bdsm big dick tits iia blonde blowjob brunette cartoons college creampie cumshot ebony fat bbw iai fetish fisting foot futanari gay group sex hairy handjob keras high heels inte,bahaya
https://sunporno.com,categories pornstars photos members live sex hd vids free porn tube porno videos featured julie cash tries anonymous bbc gloryhol iioo fisting fat woman ooi slender babe gets fucked pawn keeper pawnshop oie brunette cutie takes boner tasty hole yumemi tachibana made swallow ioi big breasted blonde mom doggy styled cum sprayed iooi amazing bimbo tits mmf interracial threeway ooi sexy bartender prague man eurobabe zuzana pussy nailed money g,bahaya
https://gotgayporn.com,videos sign home categories meetfuck hot teman-teman live sex todays trend gay porn days boyfriends looking partner grindr happily invited together hotel fuck watch sexy body young twink ieo weeks new stepdad proves rude stepson belum fit disruptive films iioi week twinkpop jock angel rivera fucks bottoms mouth joey mills takes big cock deep ioe broke straight boys gym buddies caught saudara laki-laki lanjut door horny dicked stepbro,bahaya
https://bravotube.net,porn network bravo hell moms plus porno free pornotv sign bravotubenet come find best web home newest popular categories models live girls hd last viewed videos added hours ago smoking hot chick gets pinkhaired japanese chick uterus blasted iae white milf wife meets big iea amateur girlfriend double ae kinky chicks love feeling rough interracial bdms fucking makes slutty lana violet cum smooth lesbian sex main skyla alex moan mouth ending af,bahaya
https://yobt.com,yobtcom domain available sale get price kurang hours fill form experts within business hours first name last email phone remote islands adik united states afghanistan albania algeria american samoa american virgin islands andorra angola anguilla antarctica antigua barbuda argentina armenia aruba ascension island australia azerbaijan bahamas bahrain bangladesh barbados belarus belgium belize benin bermuda bhutan bolivi,bahaya
https://youporngay.com,choice use similar technologies necessary run websites essential small amount generated saved web browser analyze store information characteristics device well certain personal analytics allow performance offer optimized services functionality help personalize enhance online experience websites targeting advertising enable serve might interest clicking accept,bahaya
https://redtubelive.com,free account huge tits big ass milfasian ebony latina anal teen itrans bbwsquirt hairy gold showsnew models lesbian mistressindia couple gape pantyhose dildo milktwerk sphceijoi live cams filter shanalove chloex logan evacamx bellisibelle show adixia dazzlingmyra mavie pearl lucie fr sweetpenelopei lady isa aa maitresselexa emma babeie site contains sexually explicit material enter using accept policy privacy policy terms conditions nom,bahaya
https://deviantclip.com,jerkmatecom sexemulatorcom dateadvisorcom pornstars watch bdsm cams girls jerkmate jerk mate hottest live sex cam site belum sexy innermost sexual fantasies enter youre ready adult action visit looking exclusive content take look top recommendations games cartoon porn games simulator hentai newest best ed emulation game sexemulator fun new sexemulation game whre control bidding full experience hookup dating unusual kinky fetishes bonda,bahaya
https://naked.com,live girls cams videos profiles important person free credits gender room type models language images cam models online relevance private voyeur crystal lake bambi bi katharine cane arina donne olivia onya sadie creig mandy peas amannda skye jeessy sunshine eve rebeca leigh danile hensen maia stark sahara carter sarah anin lust elsa rush tessa kamu devious angell adele holter ashley simmons carina caramel nicky domme mansion new jennifer lyons arria sun amber william ruby,bahaya
https://fuskator.com,agree terms continuing website contains information links images videos sexually explicit material collectively sexually material continue least years age majority every jurisdiction may view material whichever higher age majority offends iii viewing legal community choose choosing enter affirming oath penalties perjury pursuant title applicable statutes laws,bahaya
https://fux.com,fux network porn tubeatube porner bros fux home videos categories channels pornstars playlists premium free fuck webcam straight injoin paling viewed today hdo babes seth gamble sexy hot brunette cock gobbler takes deep muff hdo brazzers alex jones gangbang besties hdio tushykelly collins tushy stunning model kelly collins exclusive dp debut hdia mylf lexi luna sweet perfect assed milf teacher rewards bagus student hdo teeny taboocom brogans step daughter called every,bahaya
https://tubekitty.com,bagus news tube kitty merged xxxcom closed proceed xxx enjoy enter advertisers buy traffic get listed recordkeeping requirements compliance statement models years age older time depiction tubekittycom zerotolerance policy illegal pornography parents uses restricted adults rta website label better enable parental filtering protect children adult content block site using controls terms service privacy notice action,bahaya
https://rk.com,videos girls sites categories join new porn view angie lynx ada lapiedra big dick double feature wmh nicole aria hotel maid services cock sx keira croft sedona reign milf catches cheating bride ml lily lou hot gamer craves freeuse anal hgg rk shorts try free lilly hall film rks sisi rose booty angel youngs tongued tent lynx ballerina blonde top subsites teens game doesnt mean want anything kurang huge dick love cocks watch horn,bahaya
https://sexart.com,live girls get startedsign updatesfilmsphotosmodelsblog want see sign watch films free congratulations youre receive movies nomor obligation wait would like stuff tick box join occasional information products services events news offers read privacy policy informasi start trial membership credit card required obligation skip main page erotica discerning adults updates isabela adik laa ricky september lisa belys tommy gold,bahaya
https://imlive.com,live cams videos top host arena voyeur press sign free women men trans popular categories hosts new interactive toy prepaid sessions cum share filtering age ethnicity price filters search woman live language sort cam girls webcam feature hottest scenes belum read jessie soulx lucky scarlett walker miss jennifer michelle diazi mistresss nina becky shine cassey leights naomi_gray anyamoons newbie zoe_clark sara_taylor_ lilith_myers lunadeli,bahaya
https://totallynsfw.com,porn games discounts videos porno map kai best premium sites jerk dolls tube safari cam bbxxx discounted live xxbrits totally nsfw rss home cats archive cumfake app try pokemon roleplay sextape tertawa selena gets fucked bagus trailer first anal friends report bad link top pay sitescom finda fuck buddy mr geek anime hentai shooshtime hot teenies free real amateur cumshots sex cams close ada latest random video fps perfect style ugly chicks pictures referrers morazzia mi,bahaya
https://teensnow.com,teensnowcom warning site adults entering website acknowledge years old older agree terms service available enter parents read protect kids teen snow add website address favorites clicking remember sites name snowcom best porn videos hottest teens month hotties week ieaioiiiieiaiii,bahaya
https://collarme.com,private attackers might trying steal information collarmecom example passwords messages credit cards learn neterr_cert_authority_invalid get chromes highest level security turn enhanced protection back safety advanced,bahaya
https://theeroticreview.com,atur new standards adult online hobbyist provider host escort reviews site discussion boards live chat service guides much better prepare entertainment please review revised privacy policy updated dec ith warning contains sexually explicit content important read acknowledge following including information links images videos contained website nature age illegal view material place accessing e,bahaya
https://squirt.org,username password keep logged forgot password legacy squirtorg english nederlands get days free sign home netherlands meet gay bi men hookup dating sex find best cruising locations netherlands highest population density european country meaning therere tons hot horny like arms reach paling popular hookup spots include adik prik gaybar getto amsterdam navigate masses hot bods testosterone perfect hookup squirt afford,bahaya
https://dreammovies.com,private attackers might trying steal information dreammoviescom example passwords messages credit cards learn neterr_cert_common_name_invalid get chromes highest level security turn enhanced protection back safety advanced,bahaya
https://wearehairy.com,get hairy pussy updates daily see exclusive movies pictures search hairycom home coming soon models categories photos help support members instant new lacerta ruby lira terang maja aguilar veroni kakak featured tanita vasya sylvia ramira girls updates iaa sep ksukot masturbates wooden desk stephaniya strips nude enjoying hot tea foxy grey sofa today enjoys stripping naked bed martina sweet dildo table iio krista williams sex di,bahaya
https://joymii.com,celebrate labor day whole month life join using site agree use make browsing experience better yes understand beyond page restricted adults following website including webpages links images videos displays sexually oriented explicit material pornographic nature consenting least eighteen years age age majority jurisdiction accessing website terms indicated authorized enter view contents,bahaya
https://watchersweb.com,contact join free submit home homemade pictures movies sex stories premium section studio amateurs live cams clubhouse important person forum search links page winners tell friend adult store todays busty milf tits arizona usa view category lilde canada showing austin texas sensual lover staycation australia nova need submissions contests accept allow make sure site time effective possibly belum please watchersweb,bahaya
https://definebabe.com,categories babes galleries videos sites hot deal get team skeet free porn pics popular recent super bisexual threesome halle storm niki harris moans luscious pleasure getting fucked iek close penelope ya sophia sydney paige sucks rides stepsons cock great iak lovely brunette lara duro gets balcony dana adik armond shares young black friend dearmond innocentlooking teen tight anus gaped flora fairy iak emily willis old prick various sex positions asian hotti,bahaya
https://gay-torrents.net,gay torrents english forum begitu guard vpn proxy server rainbow cloud cloud storage free friends sites sites porn torrent free movie downloads rapidshare et cetera nude men bears boys images everything like community site eat dear,bahaya
https://nifty.org,warning website contains sexuallyexplicit content involving alternative sexualities accessing site offend cause break local laws community village town city county province state country et cetera please leave nifty uses proceeding declare affirm penalties perjury minor company minor declaration governed provisions electronic signatures global national commerce act das auf dieser webseite angebotene material ist nicht,bahaya
https://nastyvideotube.com,home choose category year old ed african aggressive amateur amazing american anal animation anime arab asian ass aunty babe babysitter bath bbw bdsm beach beautiful bedroom big cock tits bikini bisexual black blonde blowjob bondage boss brazil brazzers bride british brother brunette bukkake bus busty teen car cartoon casting celebrity cheating chinese classic clit closeup college compilation cougar couple creampie cuckold cumshot cute czech daddy daughter deepthroat defloration dildo doctor,bahaya
https://entensity.net,hot play paling extreme porn game sex simulator discounts discounted pornkai live cams home forums gifs submit archives free hot teens anime map oie updated content fap day posted ooe opie wow natalia grey smoking gif want quit realz thats wife holy fucking shit another dumb bitch got stuck wrestling sister restaurant flash knows shes dark wouldnt last minutes busted bathroom watch ghost spying stepsister kelsi monroe loves anal tiny redhe,bahaya
https://fling.com,worlds best adult personals remember forgot password find fling join free hornygirloi age yesethnia barbi unsej leesahislove prtty timf bethany surfs upo prettynikkiao greeny peezy mobile optimized see whos online send messages search member profiles view photos video galleries even youre go flingcom profile review team paling dedicated agents keep users safe great pride taken real site everyday safe secure private options trans,bahaya
https://magicmovies.com,magicmoviescom warning site adults entering website acknowledge years old older agree terms service available enter parents read protect kids magic movies moviescom new best sex tags bookmark,bahaya
https://hotmovies.com,new users get minutes free iooo movies ooooo scenes discounts join bitcoin preferred vod gay select unlimited main cams phone sex spotlight buy sign signup movies clips stars categories pornstars releases shop newest sale previous lanjut movie see lesbian amateur milf bbw classics interracial recently added check weve hot clip bestsellers todays hottest uhd min sophia meets angel tutors sexy tgirls fuck transactive keras gangb,bahaya
https://paheal.net,private attackers might trying steal information pahealnet example passwords messages credit cards learn neterr_cert_authority_invalid get chromes highest level security turn enhanced protection back safety advanced,bahaya
https://girlsofdesire.org,crazy art pussy naughty bikini asian teen porn amateur lesbian celeb desire boobs estella pink kristy tries bikinis tea alone momoka hayami girls holiday dahlia dark kristyna moravkova elvidas special power hot leila tiffany blues cora pleasuring kisa zhuravlik erotic alisa amore mhuir casey batchelor beach kaila wang klaudia blue angel tantric tavern britney london shows puffy blonde tori hendricks katy pleasing man tempting jaime hammer endi denmeri alika penagos marisa papen nud,bahaya
https://babes.com,scenes models sites categories join teens babes view mia split training alina lopez isabel moon prom night revenge part jessi gold iiek taut tender foxy di taste lips victoria daniels close heaven top rated year nomor results found presents emily willis couldnt perfect porn shed made order cute slender natural beauty perfect slim body years dancing ballet also flexible enough put legs behind headher preferred,bahaya
https://submityourflicks.com,videos sign home categories theporndude meetfuck adult chat live sex paling viewed today weeks hot blonde wife sucks cock days fucking venezuelan brunette girlfriend fucked strangers stepsister sammie rhodes spreads wide stepbros amateur sluts real orgasm compilation part ioa day cuckold wives fuck men ae huge dick pounded mesmerizing teen moans destroy sexy blowjob iie week sisters best friend finally takes meat todays featured latest top rated lon,bahaya
https://mofosex.com,choice use similar technologies necessary run websites essential small amount generated saved web browser analyze store information characteristics device well certain personal analytics allow performance offer optimized services functionality help personalize enhance online experience websites targeting advertising enable serve might interest clicking accept,bahaya
https://xxxymovies.com,friend sites camsoda live sex porn kai free cams gay skip content sign home new videos categories tags channels pornstars games meetasex community hentai movies hd naked girls fuqqt best interactive escort chat showing recently featured paling popular top rated longest titty bouncing jogging days ago views panty rub featuring jul dream cum tru starring tr project dtf photo day fun living room doggystyle vicki hot bedroom luscio fucked ne,bahaya
https://4porn.com,wank television porn span best free porn gur large hd tube mature album fap vid tubent xxxx english new popular categories stepmom surprise beauty mom erotic college teacher husband milf japanese student cousin cheating massage arab aunt korean cute wife yoga accident shemale girl maid housewife milk gangbang monster lesbian big ass babe grandpa uncle threesome money full movie hotel police orgasm gym squirt bus couple bbc old man creampie interracial latina tits double,bahaya
https://cams.com,menu_open search join free female male trans new asian ebony latina white redhead brunette black hair blonde bbw curvy petite huge boobs big small anal bondage foot fetish heels marussia__luxury renee rose asshantiy shy lika private ranyah little xangel melisa green dannyelle nicetoomeet buy tokens cam shows purchase dollmorena madison lou vivian soto skinny_sis cindy cassidy mamadurga carly millerr dalia evans goal show manu torrez cock_whisperer ariiel stanford,bahaya
https://youngleafs.com,menu young leafscom perfect place better youporn ultimate collection free porn made true porn fans like search new popular top sites hot videos mom teen old granny sport bath stepmom mature indian shemale japanese uncensored dutch lesbian anal milf celebrity amateur vintage chubby full movie public gay arab wife bbw hairy interracial casting homemade russian creampie cuckold voyeur massage money gangbang german swinger handjob outdoor cheati,bahaya
https://keandra.com,private attackers might trying steal information keandracom example passwords messages credit cards learn neterr_cert_common_name_invalid get chromes highest level security turn enhanced protection back safety advanced,bahaya
https://worldsex.com,world sex live real amateurs videos pictures categories pornstars worldsex recently featured porn advertisement oie naked mom sadie holmes helps stepson took boner pills oia skilled nympho lambat berfikir foxx asks husband fuck hot babysitter britney young masseuse cameron canada gets client super horny schoolgirls callie black aubry babcock swap stepdads fun oio nerdy teen honey hayes dirty proposal stepdad bombshell stepmom anissa kate celebrates birthday w,bahaya
https://milfmovs.com,milfmovscom warning site adults entering website acknowledge years old older agree terms service available enter parents read protect kids milf movs free movies mom movies showing paling popular mature videos best month week navigate top rated time besteaioiiiieiaiii,bahaya
https://adultwork.com,casual encounters hookups mobilepda adult service providers erotic content live cams escorts webcam phone chat sms alternative movies pictures groups erotica blogs tagged services television mall welcome workcom committed providing safe anonymous environment individuals belum distribute market products content seek avail maintain requirements online browse offer ease warning contains material nature relating entertainmen,bahaya
https://sexyandfunny.com,home featured show best sf site index news register contact videos photos live cams forums sugar babies alex chance triple maddys got big booty stunning blonde presents donna bell playing new feature naked girl vs latest updates tuesday september ith comment sexy funny random photos zuul et tu brute gotta respect commitment epic true practical magic comments sexy videos banaqwa ass tits brunette masturbation naked stockings,bahaya
https://redtubenow.com,redtubenowcom domain available sale get price kurang hours fill form experts within business hours first name last email phone outlying islands adik united states afghanistan albania algeria american samoa american virgin islands andorra angola anguilla antarctica antigua barbuda argentina armenia aruba ascension island australia azerbaijan bahamas bahrain bangladesh barbados belarus belgium belize benin bermuda bhutan,bahaya
https://uselessjunk.com,site cant reached uselessjunkcom unexpectedly closed try checking proxy firewall running windows network diagnostics err_connection_closed reload details,bahaya
https://greengaytube.com,use provide services using website agree got itmore information skip content green gay tube register home categories tags actors newest best paling viewed longest random twinks ed amateur anal animation army asian ass fucking hole lick ke iyo ioni aaron aurora rivers ace sterling stone adam killian ramzi russo scott watson find chat sites bgayscom free anonymous way meet teman-teman online men looking instant online hookups videos,bahaya
https://largeporntube.com,porn tube network tubeatube porner bros fux home videos categories channels pornstars playlists bang live sex straight insign paling viewed today hdo iok digital playground kenna james cock pit fun anal banging hdo babes xander corvus sexy gabbie carter banged balls deep hdio iak tushykelly collins tushy stunning model kelly collins exclusive dp debut hdia iak mylf lexi luna perfect assed milf teacher rewards bagus student hdoia cheerleaders keras fucking phat booty,bahaya
https://hornywhores.net,hornywhoresnet checking site secure needs review security proceeding ray oaiaaedeedii performance cloudflare,bahaya
https://taxidrivermovie.com,nip slip upskirt camel toe pics topless celebrities celeb list nude celebs chaturbate jerk dolls porn dude homemade amateur alessandra ambrosio shiny cleavage costume natalie rose hot photo miley cyrus flaunting boobs nips outdoor shantel van santen handbra shower paling liked video malin akerman full adria rae blondie dominated misha cross oily anal dance attack savanna samson milf moment heat luna star make cum first categories abbey clancy bella hadid thorne bo,bahaya
https://hot-sex-tube.com,bookmark due regular updates search nude vista home live sex cams brazzers mofos babes change category year old ed esome african aggressive allure amateur amazing american anal animation anime arab argentina asian ass asslicking asstomouth audition aunty babe babysitter balls bang bareback bath bbw bdsm beach beautiful body face legs tits bedroom bendover big milf cock bikini bisexual bitch black blonde blowjob bondage boss brazil bride british brother brunette bukkake bus busty teen,bahaya
https://scoreland.com,skip navigation content footer already member home videos photos models specials join website contains agerestricted content age years authorization permission enter website years old older hereby agree comply terms conditions certify penalty perjury adult exit celebrating eist anniversary receive free previews special offers email subscribe spam sell trade email member services site map porn sites bi,bahaya
https://aebn.net,adult entertainment broadcast network straight gay aebn trusted video provider since view aidra fox image sweetheart finn harding men xxx videos hottest studios porn stars watch thousands fulllength movies scenes payperminute streaming rentals downloads high quality streaming fresh content updates daily years age illegal material community please leave cant held responsible actions acting way send infor,bahaya
https://pornhublive.com,free account huge tits big ass milfasian ebony latina anal teen itrans bbwsquirt hairy gold showsnew models lesbian mistressindia couple gape pantyhose dildo milktwerk sphceijoi live cams filter shanalove chloex logan angelsensuelle bellisibelle evacamx lucie fr sweetpenelopei emma babeie coco anouk laurianne aariss bad girl rubes site contains sexually explicit material enter using accept policy privacy policy terms conditions nomor il,bahaya
https://boysfood.com,sign home latest top rated paling viewed categories tags sites models trend porn videos hd stepmom brenda sucking horny stepsons big cock weeks ago rough spank fuck fucking ever wonder happens molten huge jugs whore christie stevens deepthroats wrecked week bitch double penetrated delight ebony lesbians taste pussy hot wet stimulate mind blowing bitches extreme interracial sex spicy nymphos shag biggest strapon dildos,bahaya
https://jjgirls.com,jjgirls daily japanese jav idols taiwanese av babe porn pics sex images xx photos free pussy pictures schoolgirls girls nude babes asian movies videos girls images bukkake bondage tgp tube jiali cos puri sperm mania fellatio japan ura lesbian handjob legs tokyo face fuck hd cams contact Êó•Êú¨Ë™û mobile tube beauties gallery chaturbate stripchat new original babes chinese movies archive amateur keras wife pornstars european hentai mahoro yoshino mihono hitomi hayama remu suzumori haruna nakano ka,bahaya
https://eroticbeauties.net,blog models sites artists categories sex cams porn free live nude women alien dildos best tube crazy xxx wanna watch recommended erotica discounts adult chat porndiscounts reviews discounted camsxxx reviewed network deals teen masturbategether sexmex safari cam dude videos kai paysites hd chatsexxxx pics erotic games abby winters popular katya clover nancy mila azul little caprice melena tara clarice lilit ariel gloria sol lorena garcia emily bloom sybil kailena darina litvinova car,bahaya
https://fulltubemovies.com,searchsvgfillfff spicevids free brazzers library tags watch full length videos pornstar hdporn big tits ass keras trailers dick milf blonde brunette blowjob babe teen threesome popular women role play rough sex small hd reality lesbian step fantasy redaksi head latina see categories tagged bigdick boobs pornohub mgvideos porhub bigass butt anal bigcock fake jordi enp takes picture isabelle deltores jerks watching iiia naughty gizelle blanco buys new oil kendr,bahaya
https://freexcafe.com,sexy naked women beauty nude woman bring new meaning erotic perfection step world beautiful extreme sensuality enjoy thousands selected galleries home category videos reviews live sex cams fuck date site iframe wow erotica massage beauties magic nudes porn dude big breasts touch lanjut last models make first move flirtafree milkman book kitten curvy candy pleasure atk metart archive chic pussy glamour girls fine art teens boobs babes eros berry,bahaya
https://www.lacasaca.com,"Please check destination deposit account first transferring funds. Qqemas responsible used. Thank you, Qqemas, best online slot gambling site, Gacor, Easy, Maxwin Jackpot, every day ball bonus, live casino slots, shooting fish, dark toto poker, leak Pragmatic Play gates gatotkaca rtp grid row reels ooox olympus microgaming zeusancient fortunes unlimited sweet bonanza iioox starlight princess pg smooth lucky neko oooox support",bahaya
https://www.dvleap.org,register register zeus slot gacor maxwin rtp welcome zeusqq site today often easy win king gods qq easy jp latest games best trusted online gambling agent iaiaia zeus_qq zeus_qq provider nexus engine game site gates olympus sweet bonanza sugar rush starlight princess BCA Mandiri Transaction Cimb Niaga Danamon BNI BRI Pulse Emoney Deposit IDR Small Continue Withdrawing Ooo Max Win Big Epic Pay Link Zeusqq provides online account creation,bahaya
https://www.hamiltonmunicipalcourt.org,"slots live casino sports arcade dark toto madueoe newest online slot rtp gambling site gacor slots register madueoe today providing latest maxwin trusted easy win concept pattern, various kinds games enjoy easily ball casino poker online arcade cockfighting many others enjoy, need hesitate join trusted team, everyone wants honey, guaranteed popular, recommended par.",bahaya
https://www.brookhillgolfclub1975.com,"home slots live casino sports arcade poker dark toto gacor slot gambling site Indonesian number rtp sure maxwin register recommendations popular games join online big bonuses offer best chance winning members high win rate collection guaranteed easy already account get top win menu, average chance winning even promising majority comes superior features really pamper players win",bahaya
https://www.sammystasteofchicago.com,"welcome latest trusted easy win gacor online slot site Indonesia register today sbobet slots hot games maxwin airbet official gambling promotion one best number certainly give members different sensation playing latest easy games apart also providing various complete variety play account, gacor idn online poker sbobet online casino, maybe looking it, best use",bahaya
https://www.omygelato.com/ ,register slot gacor promo contact enter bonus menu top online games indonesia wild west gold takes inspiration style era victorious cowboys pragmatic play march released sd oia wib starlight princess fairy character mascot september named princes oeo ooe gates artificial olympus gambling RTP percentage worth iei aztec bonanza players says boring gameplay that's fact sweet one popular products,bahaya
http://slot.kejari-rejanglebong.go.id/ ,"list Gacor online slot sites, newest overseas servers, trusted names, home, information deposit process, minutes, minimum operating hours, IDR IOOOO, ten thousand rupiah, Indonesian IDR currency, local bank transfer method, ewallet, OVO funds, Gopay Pulse, agent platform usually called Thailand, provides games tergacor Indonesia reliable security system, customer service ready help Thailand become main choice online players.",bahaya
http://slot777.ptun-kendari.go.id/ ,"list slot logins best slot sites time thailand anti rungkad jp information names types games thailand poker gacor live casino minimum deposit rp ioooo local banking method ewallet pulse currency idr indonesian rupiah gacor rtp clock service home easy win guaranteed jackpot prepare given best provider believed latest online betting games officially tergacor, namely ones display video reels containing certain symbols, including latest quality.",bahaya
https://simbada.malangkota.go.id/-/slot88/,"slot list online slot gambling sites trusted gacor slots easy maxwin bonus today information names IDR deposit sites ioooo pragmatic play slot provider habanero microgaming gacor gates olympus sweet bonanza aztec gems starlight princess bca bri bni mandiri deposit system cimb commerce pulse ovo gopay funds heyslot's ieo user rating become trend Indonesian people, hi, present tar oe, slot? claim gambling fan",bahaya
http://siap-yanada.bulelengkab.go.id/storage/,"register online arcade casino toto dark idn poker idnslot site information slot name type casino slot game toto dark poker minimum deposit rp ioooo bank transfer method ewallet currency idr indonesian rupiah operating hours click home gacor today trusted indonesia technology developing much rapidly providing benefits wider community profit large amounts even small capital, one thing could wrong boss plays popu",bahaya
https://dood.yt/f/hkjcm2pyzn ,obokozu japanese beauty sucking edging boyfriend watchi mbak aie apr view yoga wife gets surprise sex pervy husband fucks tantaly doll review threesome jennifer eie pov sexy plays mistress edges partner oie ioi onlyfans busty sextape video leaked nude blowjob porn dood strea horny teacher bj stream oeioi couple chaturbate iee anal iooo first lneaa mrlsexdoll anime huge boobs bubble butt hailey iia,bahaya
https://dood.yt/f/2lhr3imlo8 ,oapajab aeoo sis apr view girl teaches guy oei videos girls gymnastics ioao brother adeks playing games oio girlfriend sucks tits vomit oiaa nephew sex ieoi parents sister cdadoceaaabaeicaeibboc √§xo√° nh√£¬≥c √§xi√°¬∫¬πp trai tr√£¬™ n xe dood stream ieo iio,bahaya
https://twitter.com/merzuda ,view keyboard shortcuts press question mark jenny merzuda iak posts follow merzuda dm business content creatorlinklancaruseoetw joined may following followers followed anyone youre replies media likes merzudas reposted siska veronika siska veroni sep really chubby mekinya vc together ayang home college lansun ngewe photographer model joins oeo iik hany sylvy preparing meet sepong selow hijabers new costume hijab sangean √°ngel losa sixtymusilyi,bahaya
http://185.254.196.163/manga/today-dinner/ ,"manhwa land bookmark porn dude contact color followed people status ongoing type released author hwalhwasan posted komindo februari updated september views iak today dinner adult drama romance seinen synopsis suho fat, kind hearted person unique taste extraordinary taste that's man cursed fat, fell love first sight Yeseul, goddess university studied, also special friend, Siun, always side.",bahaya
http://185.254.196.163/manga/sex-stopwatch/,manhwa land bookmark porn dude contact color followed people status ongoing type released author serious posted komindo februari updated september views sex stopwatch adult drama harem synopsis hey loser joo secretly looking chest panties right regular student repeats joo ohyoung loser gets hit popular girl sexy body awakens king's ability stop time dare try hit punishment,bahaya
